third_party_cookie_host,number_of_occurences
nr-data.net,1
sc-static.net,2
hubspot.com,1
pinterest.com,3
lightboxapi.azurewebsites.net,2
rlcdn.com,4
salesforceliveagent.com,1
iesnare.com,1
govx.com,2
pubmatic.com,10
doubleclick.net,4
dynatrace.com,3
tapad.com,21
yotpo.com,4
bluekai.com,10
zopim.com,2
attentivemobile.com,32
casalemedia.com,10
gbqofs.io,3
dognet.sk,1
sharethis.com,2
mountain.com,3
omtrdc.net,2
paypal.com,10
smartadserver.com,4
rapidzebra.io,1
kargo.com,1
myvisualiq.net,3
armani-beauty.ca,8
youtube.com,10
trkn.us,1
shoprunner.com,3
t.co,1
google.com,3
sharethrough.com,2
linkedin.com,14
agkn.com,3
yahoo.com,10
cquotient.com,6
samba.tv,1
mediawallahscript.com,3
dotomi.com,1
media.net,7
360yield.com,4
clicktale.net,1
official-deals.co.uk,1
fonts.net,2
twitter.com,5
force.com,2
yieldmo.com,2
fbot.me,1
mookie1.com,4
rfihub.com,3
tealiumiq.com,4
connectedinteractive.com,2
liveperson.net,3
pippio.com,5
cdn-btsg.com,1
socdm.com,1
openx.net,2
scorecardresearch.com,1
igodigital.com,15
everesttech.net,14
linksynergy.com,4
ipredictive.com,2
vimeo.com,2
pickzen.com,2
bing.com,6
adsrvr.org,13
creativecdn.com,4
yahoo.co.jp,6
getrockerbox.com,1
undertone.com,2
tremorhub.com,3
afterpay.com,1
serving-sys.com,2
outbrain.com,1
exelator.com,2
micpn.com,2
amazon.com,5
dynamicyield.com,3
shop.pe,1
shop.app,6
smind.hr,2
crwdcntrl.net,7
adnxs.com,13
salesforce-sites.com,4
spotxchange.com,3
mediavine.com,5
smaato.net,2
demdex.net,42
snapchat.com,8
cdnwidget.com,8
criteo.com,6
adform.net,2
amazon-adsystem.com,4
tiktok.com,12
bidr.io,3
dnacdn.net,4
ispot.tv,1
livechatinc.com,3
futemarketing.ca,2
zeotap.com,2
personalizer.io,4
pointmediatracker.com,1
liadm.com,5
rezync.com,2
taboola.com,3
omnitagjs.com,1
exponea.com,1
id5-sync.com,1
semasio.net,1
adroll.com,6
ninthdecimal.com,1
krxd.net,3
thepointyspritesclub.com,1
stickyadstv.com,2
bidswitch.net,6
eyeota.net,2
3lift.com,4
im-apps.net,4
official-coupons.com,1
elfsight.com,2
bounceexchange.com,4
scarabresearch.com,2
ml314.com,1
rubiconproject.com,8
